fit_time,score_time,test_score,train_score
0.00019407272338867188,0.0002300739288330078,0.3333333333333333,0.3368421052631579
0.00015592575073242188,0.00018525123596191406,0.3333333333333333,0.3473684210526316
0.0001399517059326172,0.00015735626220703125,0.3333333333333333,0.3473684210526316
0.00013709068298339844,0.00016069412231445312,0.3333333333333333,0.3473684210526316
0.00013375282287597656,0.0001659393310546875,0.34782608695652173,0.34375
