fit_time,score_time,test_score,train_score
0.0002918243408203125,0.001196146011352539,0.3333333333333333,0.3368421052631579
0.00024080276489257812,0.00026106834411621094,0.3333333333333333,0.3473684210526316
0.00021409988403320312,0.00023698806762695312,0.3333333333333333,0.3473684210526316
0.00019931793212890625,0.00021886825561523438,0.3333333333333333,0.3473684210526316
0.00020003318786621094,0.00021696090698242188,0.34782608695652173,0.34375
